<?xml version="1.0" encoding="UTF-8"?>
<project-private xmlns="http://www.netbeans.org/ns/project-private/1">
    <editor-bookmarks xmlns="http://www.netbeans.org/ns/editor-bookmarks/2" lastBookmarkId="0"/>
    <open-files xmlns="http://www.netbeans.org/ns/projectui-open-files/2">
        <group>
            <file>file:/D:/école/GE4/PRG_GE2_HC/commande/PIC.X/mcc_generated_files/pin_manager.h</file>
            <file>file:/D:/école/GE4/PRG_GE2_HC/commande/PIC.X/def.h</file>
            <file>file:/D:/école/GE4/PRG_GE2_HC/commande/PIC.X/mcc_generated_files/mathacc.c</file>
            <file>file:/D:/école/GE4/PRG_GE2_HC/commande/PIC.X/mcc_generated_files/i2c_master.c</file>
            <file>file:/D:/école/GE4/PRG_GE2_HC/commande/PIC.X/main.c</file>
        </group>
    </open-files>
</project-private>
